url_path,views_total,views_unique
/ascsn/2023-FRIB-TA-Summer-School/blob/main/practical-bayes/Convergence%20of%20Monte%20Carlo%20Challenge.ipynb,6,1
/ascsn/2023-FRIB-TA-Summer-School/tree/main/dimensionality-reduction,4,1
/ascsn/2023-FRIB-TA-Summer-School,3,3
/ascsn/2023-FRIB-TA-Summer-School/blob/main/dimensionality-reduction/Harmonic%20Oscillator%20Challenge.ipynb,2,1
/ascsn/2023-FRIB-TA-Summer-School/blob/main/practical-bayes/Practical%20example.ipynb,2,1
/ascsn/2023-FRIB-TA-Summer-School/tree/main/model-mixing,2,1
/ascsn/2023-FRIB-TA-Summer-School/tree/main/practical-bayes,2,1
/ascsn/2023-FRIB-TA-Summer-School/tree/main/practical-emulation,2,1
/ascsn/2023-FRIB-TA-Summer-School/tree/main/practical-emulation/NMNet,2,1
/ascsn/2023-FRIB-TA-Summer-School/tree/main/practical-emulation/PESnet-Challenge,2,1
